{
    "0": {
        "precision": 0.9908722109533469,
        "recall": 0.996938775510204,
        "f1-score": 0.9938962360122074,
        "support": 980.0
    },
    "1": {
        "precision": 0.9877622377622378,
        "recall": 0.9955947136563876,
        "f1-score": 0.9916630100921457,
        "support": 1135.0
    },
    "2": {
        "precision": 0.9980411361410382,
        "recall": 0.9874031007751938,
        "f1-score": 0.9926936190940088,
        "support": 1032.0
    },
    "3": {
        "precision": 0.9891838741396264,
        "recall": 0.996039603960396,
        "f1-score": 0.9925999013320178,
        "support": 1010.0
    },
    "4": {
        "precision": 0.9948822927328557,
        "recall": 0.9898167006109979,
        "f1-score": 0.9923430321592648,
        "support": 982.0
    },
    "5": {
        "precision": 0.9954802259887006,
        "recall": 0.9876681614349776,
        "f1-score": 0.9915588069780529,
        "support": 892.0
    },
    "6": {
        "precision": 0.9926931106471816,
        "recall": 0.9926931106471816,
        "f1-score": 0.9926931106471816,
        "support": 958.0
    },
    "7": {
        "precision": 0.9874396135265701,
        "recall": 0.9941634241245136,
        "f1-score": 0.990790111488124,
        "support": 1028.0
    },
    "8": {
        "precision": 0.992827868852459,
        "recall": 0.9948665297741273,
        "f1-score": 0.9938461538461538,
        "support": 974.0
    },
    "9": {
        "precision": 0.99000999000999,
        "recall": 0.9821605550049554,
        "f1-score": 0.9860696517412935,
        "support": 1009.0
    },
    "accuracy": 0.9918,
    "macro avg": {
        "precision": 0.9919192560754005,
        "recall": 0.9917344675498935,
        "f1-score": 0.991815363339045,
        "support": 10000.0
    },
    "weighted avg": {
        "precision": 0.9918184191906269,
        "recall": 0.9918,
        "f1-score": 0.9917975523464635,
        "support": 10000.0
    }
}